source_pdf,pages,text_extracted,tables_detected,projects_detected,reporting_month_detected,ocr_used,extraction_status,confidence
April_Part-I_Synopsis.pdf,5,True,0,0,2024-04,False,SYNOPSIS_NO_PROJECT_TABLES,1.0
August_Part-1(synopsis).pdf,4,True,0,0,2024-08,False,SYNOPSIS_NO_PROJECT_TABLES,1.0
April-Jun_2016.pdf,693,True,0,0,2016-06,False,NO_PROJECTS_FOUND,0.0
April-June_2020.pdf,1189,True,0,0,2020-06,False,NO_PROJECTS_FOUND,0.0
FLR_APR_2009.pdf,50,True,0,0,2009-04,False,NO_PROJECTS_FOUND,0.0
August_Part-2(List_of_tables).pdf,245,True,226,2005,2024-08,False,SUCCESS,1.0
April_Part-II_List_of_tables.pdf,572,True,130,2148,2024-04,False,SUCCESS,1.0
FLR_FEB_2009.pdf,50,True,0,0,2009-02,False,NO_PROJECTS_FOUND,0.0
December.pdf,219,True,197,1937,2024-12,False,SUCCESS,1.0
FLR_MAY_2009.pdf,52,True,0,0,2009-05,False,NO_PROJECTS_FOUND,0.0
FR_APR_2011.pdf,81,True,43,900,2011-04,False,SUCCESS,1.0
FRApril2025.pdf,273,True,4,51,2025-04,False,SUCCESS,1.0
FRMarch2025.pdf,244,True,225,1886,2025-03,False,SUCCESS,1.0
FR_APR_2012.pdf,149,True,97,1725,2012-04,False,SUCCESS,1.0
FR_APR_2013.pdf,148,True,105,1903,2013-04,False,SUCCESS,1.0
FR_APR_2014.pdf,217,True,164,3175,2014-04,False,SUCCESS,1.0
FR_APRil_2015.pdf,265,True,205,3692,2015-04,False,SUCCESS,1.0
FR_APr_2016.pdf,355,True,282,5264,2016-04,False,SUCCESS,1.0
Apr-June-2015.pdf,538,True,144,1943,2015-06,False,SUCCESS,1.0
FR_APr_2018.pdf,538,True,462,8383,2018-04,False,SUCCESS,1.0
Apr-June_2017.pdf,729,True,266,2821,2017-06,False,SUCCESS,1.0
Apr-June_2018.pdf,803,True,235,2556,2018-06,False,SUCCESS,1.0
FR_APr_2021.pdf,732,True,646,11415,2021-04,False,SUCCESS,1.0
FR_AUG_2001.pdf,16,True,0,0,2001-08,False,SYNOPSIS_NO_PROJECT_TABLES,1.0
FR_AUG_2002.pdf,24,True,0,0,2002-08,False,SYNOPSIS_NO_PROJECT_TABLES,1.0
FR_APril_2017.pdf,371,True,301,5638,2017-04,False,SUCCESS,1.0
FR_AUG_2009.pdf,51,True,0,0,2009-08,False,NO_PROJECTS_FOUND,0.0
FR_Apr_2002.pdf,17,True,0,0,2002-04,False,SYNOPSIS_NO_PROJECT_TABLES,1.0
FR_April_2001.pdf,18,True,0,0,2001-04,False,SYNOPSIS_NO_PROJECT_TABLES,1.0
FR_APr_2022.pdf,708,True,639,10511,2022-04,False,SUCCESS,1.0
FR_DEC_2001.pdf,18,True,0,0,2001-12,False,SYNOPSIS_NO_PROJECT_TABLES,1.0
FR_DEC_2002.pdf,22,True,0,0,2002-12,False,SYNOPSIS_NO_PROJECT_TABLES,1.0
FR_DEC_2009.pdf,60,True,28,597,2009-12,False,SUCCESS,1.0
FR_AUGUST_2012.pdf,167,True,96,1732,2012-08,False,SUCCESS,1.0
FR_APr_Report_2019.pdf,551,True,478,8572,2019-04,False,SUCCESS,1.0
FR_Aug_2013.pdf,171,True,129,2561,2013-08,False,SUCCESS,1.0
FR_AUG_2011.pdf,135,True,92,1624,2011-08,False,SUCCESS,1.0
FR_FEB_2002.pdf,17,True,0,0,2002-02,False,SYNOPSIS_NO_PROJECT_TABLES,1.0
FR_FEB_2003.pdf,26,True,1,13,2003-02,False,SUCCESS,1.0
FR_Dec_2010.pdf,77,True,39,681,2010-12,False,SUCCESS,1.0
FR_DEC_2011.pdf,137,True,88,1667,2011-12,False,SUCCESS,1.0
FR_FEB_2010.pdf,61,True,28,617,2010-02,False,SUCCESS,1.0
FR_FEB_2011.pdf,85,True,42,843,2011-02,False,SUCCESS,1.0
FR_JAN_2002.pdf,17,True,0,0,2002-01,False,SYNOPSIS_NO_PROJECT_TABLES,1.0
FR_JAN_2003.pdf,23,True,0,0,2003-01,False,SYNOPSIS_NO_PROJECT_TABLES,1.0
FR_APril_2020.pdf,598,True,526,9327,2020-04,False,SUCCESS,1.0
FR_DEC_2012.pdf,181,True,110,1828,2012-12,False,SUCCESS,1.0
FR_Dec_2013.pdf,218,True,166,3182,2013-12,False,SUCCESS,1.0
FR_JAN_2010.pdf,61,True,28,619,2010-01,False,SUCCESS,1.0
FR_JULY_2001.pdf,16,True,0,0,2001-07,False,SYNOPSIS_NO_PROJECT_TABLES,1.0
FR_JULY_2002.pdf,22,True,0,0,2002-07,False,SYNOPSIS_NO_PROJECT_TABLES,1.0
FR_JAN_2011.pdf,82,True,36,661,2011-01,False,SUCCESS,1.0
FR_JULY_2009.pdf,60,True,0,0,2009-07,False,NO_PROJECTS_FOUND,0.0
FR_FEB_2012.pdf,156,True,110,1924,2012-02,False,SUCCESS,1.0
FR_FEB_2013.pdf,175,True,108,1810,2013-02,False,SUCCESS,1.0
FR_JUNE_2001.pdf,16,True,0,0,2001-06,False,SYNOPSIS_NO_PROJECT_TABLES,1.0
FR_JUNE_2002.pdf,25,True,0,0,2002-06,False,SYNOPSIS_NO_PROJECT_TABLES,1.0
FR_JULY_2010.pdf,71,True,35,635,2010-07,False,SUCCESS,1.0
FR_JAN_2012.pdf,144,True,99,1860,2012-01,False,SUCCESS,1.0
FR_JUNE_2009.pdf,52,True,0,0,2009-06,False,NO_PROJECTS_FOUND,0.0
FR_APril_2023.pdf,758,True,667,10984,2023-04,False,SUCCESS,1.0
FR_JAn_2013_new.pdf,176,True,109,1834,2013-01,False,SUCCESS,1.0
FR_JULY_2011.pdf,145,True,100,1882,2011-07,False,SUCCESS,1.0
FR_JUNE_2025.pdf,234,True,4,50,2025-06,False,SUCCESS,1.0
FR_JUNE_2011.pdf,126,True,82,1626,2011-06,False,SUCCESS,1.0
FR_JULY_2012.pdf,153,True,91,1672,2012-07,False,SUCCESS,1.0
FR_MAR_2002.pdf,17,True,0,0,2002-03,False,SYNOPSIS_NO_PROJECT_TABLES,1.0
FR_MAR_2003.pdf,24,True,0,0,2003-03,False,SYNOPSIS_NO_PROJECT_TABLES,1.0
FR_MARCH_2010.pdf,66,True,29,631,2010-03,False,SUCCESS,1.0
FR_MAR_2009.pdf,41,True,11,233,2009-03,False,SUCCESS,1.0
FR_MAY_2001.pdf,16,True,0,0,2001-05,False,SYNOPSIS_NO_PROJECT_TABLES,1.0
FR_MAY_2002.pdf,17,True,0,0,2002-05,False,SYNOPSIS_NO_PROJECT_TABLES,1.0
FR_JUNE_2012.pdf,147,True,106,1846,2012-06,False,SUCCESS,1.0
FR_MAY_2007.pdf,36,True,0,0,2007-05,False,NO_PROJECTS_FOUND,0.0
FR_JUN_2013.pdf,174,True,131,2539,2013-06,False,SUCCESS,1.0
FR_MARCH_2011.pdf,94,True,47,958,2011-03,False,SUCCESS,1.0
FR_July_2013.pdf,197,True,158,3169,2013-07,False,SUCCESS,1.0
FR_May_2010.pdf,54,True,24,518,2010-05,False,SUCCESS,1.0
FR_NOV_2001.pdf,17,True,0,0,2001-11,False,SYNOPSIS_NO_PROJECT_TABLES,1.0
FR_NOV_2002.pdf,23,True,0,0,2002-11,False,SYNOPSIS_NO_PROJECT_TABLES,1.0
FR_May2025.pdf,212,True,4,51,2025-05,False,SUCCESS,1.0
FR_MAY_2013.pdf,156,True,113,1966,2013-05,False,SUCCESS,1.0
FR_MAY_2011.pdf,123,True,56,1166,2011-05,False,SUCCESS,1.0
FR_MARCH_2012.pdf,157,True,115,2011,2012-03,False,SUCCESS,1.0
FR_NOV_2009.pdf,56,True,25,549,2009-11,False,SUCCESS,1.0
FR_MAR_2013.pdf,174,True,110,1822,2013-03,False,SUCCESS,1.0
FR_MAY_2012.pdf,147,True,105,1897,2012-05,False,SUCCESS,1.0
FR_OCT_2001.pdf,17,True,0,0,2001-10,False,SYNOPSIS_NO_PROJECT_TABLES,1.0
FR_OCT_2002.pdf,22,True,0,0,2002-10,False,SYNOPSIS_NO_PROJECT_TABLES,1.0
FR_NOV_2010.pdf,76,True,38,674,2010-11,False,SUCCESS,1.0
FR_OCT_2007.pdf,38,True,0,0,2007-10,False,NO_PROJECTS_FOUND,0.0
FR_OCT_2009.pdf,53,True,22,503,2009-10,False,SUCCESS,1.0
FR_NOV_2011.pdf,136,True,92,1722,2011-11,False,SUCCESS,1.0
FR_Nov_2013.pdf,206,True,154,3011,2013-11,False,SUCCESS,1.0
FR_NOV_2012.pdf,177,True,105,1758,2012-11,False,SUCCESS,1.0
FR_SEP_2001.pdf,17,True,0,0,2001-09,False,SYNOPSIS_NO_PROJECT_TABLES,1.0
FR_SEP_2002.pdf,22,True,0,0,2002-09,False,SYNOPSIS_NO_PROJECT_TABLES,1.0
FR_OCT_2010.pdf,76,True,36,647,2010-10,False,SUCCESS,1.0
FR_OCTOBER_2012 (1).pdf,181,True,107,1754,2012-10,False,SUCCESS,1.0
FR_SEP_2009.pdf,50,True,20,457,2009-09,False,SUCCESS,1.0
FR_OCTOBER_2012.pdf,181,True,107,1754,2012-10,False,SUCCESS,1.0
FR_OCT_2011.pdf,137,True,94,1726,2011-10,False,SUCCESS,1.0
FR_Oct_2013.pdf,209,True,158,3074,2013-10,False,SUCCESS,1.0
FR_aug_2014.pdf,168,True,117,2033,2014-08,False,SUCCESS,1.0
FR_SEPTEMBER_2012.pdf,155,True,98,1711,2012-09,False,SUCCESS,1.0
FR_SEP_2011.pdf,138,True,93,1690,2011-09,False,SUCCESS,1.0
FR_Sep_2013.pdf,193,True,156,3171,2013-09,False,SUCCESS,1.0
FR_aug_2015.pdf,281,True,226,4173,2015-08,False,SUCCESS,1.0
FR_aug_2016.pdf,377,True,332,6133,2016-08,False,SUCCESS,1.0
FR_aug_2017.pdf,383,True,317,5755,2017-08,False,SUCCESS,1.0
FR_dec_2014.pdf,226,True,154,2954,2014-12,False,SUCCESS,1.0
FR_aug_Report_2018.pdf,535,True,464,8169,2018-08,False,SUCCESS,1.0
FR_aug_Report_2019.pdf,605,True,535,9525,2019-08,False,SUCCESS,1.0
FR_august_2020.pdf,622,True,545,9337,2020-08,False,SUCCESS,1.0
FR_aug_2021.pdf,741,True,659,11349,2021-08,False,SUCCESS,1.0
FR_august_2022.pdf,714,True,616,10232,2022-08,False,SUCCESS,1.0
FR_dec_2016.pdf,352,True,290,5393,2016-12,False,SUCCESS,1.0
FR_dec_2015.pdf,367,True,293,5437,2015-12,False,SUCCESS,1.0
FR_dec_2023.pdf,20,True,0,0,2023-12,False,SYNOPSIS_NO_PROJECT_TABLES,1.0
FR_dec_2017.pdf,421,True,354,5963,2017-12,False,SUCCESS,1.0
FR_august_2023.pdf,832,True,738,11898,2023-08,False,SUCCESS,1.0
FR_feb_2014.pdf,212,True,162,3073,2014-02,False,SUCCESS,1.0
FR_dec_2020 (1).pdf,737,True,636,10956,2020-12,False,SUCCESS,1.0
FR_dec_2020.pdf,737,True,636,10956,2020-12,False,SUCCESS,1.0
FR_feb_2015.pdf,272,True,184,3282,2015-02,False,SUCCESS,1.0
FR_dec_Report_2018.pdf,527,True,457,8185,2018-12,False,SUCCESS,1.0
FR_dec_2021.pdf,724,True,647,11127,2021-12,False,SUCCESS,1.0
FR_dec_2022.pdf,717,True,625,10197,2022-12,False,SUCCESS,1.0
FR_dec_Report_2019.pdf,642,True,570,9977,2019-12,False,SUCCESS,1.0
FR_feb_2016.pdf,352,True,296,5350,2016-02,False,SUCCESS,1.0
FR_feb_2017.pdf,381,True,311,5674,2017-02,False,SUCCESS,1.0
FR_feb_2018.pdf,392,True,322,5874,2018-02,False,SUCCESS,1.0
FR_feb_Report_2019.pdf,171,True,105,1986,2019-02,False,SUCCESS,1.0
FR_jan_2014.pdf,218,True,167,3155,2014-01,False,SUCCESS,1.0
FR_feb_2020.pdf,623,True,547,9689,2020-02,False,SUCCESS,1.0
FR_jan_2015.pdf,301,True,214,4124,2015-01,False,SUCCESS,1.0
FR_feb_2021.pdf,738,True,657,11525,2021-02,False,SUCCESS,1.0
FR_feb_2022.pdf,730,True,647,10826,2022-02,False,SUCCESS,1.0
FR_feb_2023.pdf,711,True,620,10133,2023-02,False,SUCCESS,1.0
FR_jan_2016.pdf,349,True,299,5411,2016-01,False,SUCCESS,1.0
FR_feb_2024.pdf,779,True,732,11535,2024-02,False,SUCCESS,1.0
FR_jan_2017.pdf,384,True,314,5665,2017-01,False,SUCCESS,1.0
FR_jan_2018.pdf,401,True,333,5856,2018-01,False,SUCCESS,1.0
FR_jul_2014.pdf,211,True,157,2962,2014-07,False,SUCCESS,1.0
FR_jan_Report_2019.pdf,501,True,431,7963,2019-01,False,SUCCESS,1.0
FR_jan_2022.pdf,720,True,638,11103,2022-01,False,SUCCESS,1.0
FR_jan_2021.pdf,768,True,674,11720,2021-01,False,SUCCESS,1.0
FR_jan_2024.pdf,724,True,679,10741,2024-01,False,SUCCESS,1.0
FR_jan_2023.pdf,742,True,653,10485,2023-01,False,SUCCESS,1.0
FR_jul_2016.pdf,374,True,334,6005,2016-07,False,SUCCESS,1.0
FR_jan_Report_2020.pdf,647,True,558,9849,2020-01,False,SUCCESS,1.0
FR_july_2015.pdf,260,True,209,3687,2015-07,False,SUCCESS,1.0
FR_july_2017.pdf,366,True,300,5576,2017-07,False,SUCCESS,1.0
FR_july_2018.pdf,500,True,431,7821,2018-07,False,SUCCESS,1.0
FR_july1_2023.pdf,640,True,549,8708,2023-07,False,SUCCESS,1.0
FR_jun_2015.pdf,301,True,243,4533,2015-06,False,SUCCESS,1.0
FR_july_2022.pdf,621,True,518,8608,2022-07,False,SUCCESS,1.0
FR_july_Report_2019.pdf,616,True,541,9472,2019-07,False,SUCCESS,1.0
FR_july_2021.pdf,759,True,665,11412,2021-07,False,SUCCESS,1.0
FR_jun_2016.pdf,375,True,331,6053,2016-06,False,SUCCESS,1.0
FR_june_2010.pdf,55,True,24,550,2010-06,False,SUCCESS,1.0
FR_july_2020 (1).pdf,609,True,530,9289,2020-07,False,SUCCESS,1.0
FR_june_2014.pdf,235,True,177,3162,2014-06,False,SUCCESS,1.0
FR_jun_2018.pdf,509,True,441,7815,2018-06,False,SUCCESS,1.0
FR_mar_2014.pdf,217,True,165,3087,2014-03,False,SUCCESS,1.0
FR_june_2017.pdf,365,True,299,5576,2017-06,False,SUCCESS,1.0
FR_jun_Report_2019.pdf,604,True,535,9511,2019-06,False,SUCCESS,1.0
FR_june_2022.pdf,632,True,527,8537,2022-06,False,SUCCESS,1.0
FR_mar_2016.pdf,365,True,283,5086,2016-03,False,SUCCESS,1.0
FR_jun_2020.pdf,620,True,546,9453,2020-06,False,SUCCESS,1.0
FR_june_2021.pdf,775,True,683,11177,2021-06,False,SUCCESS,1.0
FR_june_2023.pdf,754,True,662,10806,2023-06,False,SUCCESS,1.0
FR_march_2015.pdf,268,True,186,3323,2015-03,False,SUCCESS,1.0
FR_march_2017.pdf,377,True,309,5789,2017-03,False,SUCCESS,1.0
FR_mar_2021.pdf,741,True,656,11538,2021-03,False,SUCCESS,1.0
FR_mar_Report_2019.pdf,526,True,455,8177,2019-03,False,SUCCESS,1.0
FR_mar_2022.pdf,707,True,643,10729,2022-03,False,SUCCESS,1.0
FR_may_2014.pdf,190,True,150,2641,2014-05,False,SUCCESS,1.0
FR_mar_2024.pdf,772,True,725,11419,2024-03,False,SUCCESS,1.0
FR_may_2015.pdf,290,True,235,4498,2015-05,False,SUCCESS,1.0
FR_march_2018.pdf,550,True,477,8615,2018-03,False,SUCCESS,1.0
FR_may_2016.pdf,333,True,262,4865,2016-05,False,SUCCESS,1.0
FR_march_2020.pdf,616,True,547,9709,2020-03,False,SUCCESS,1.0
FR_may_2017.pdf,368,True,301,5614,2017-05,False,SUCCESS,1.0
FR_march_2023.pdf,741,True,651,10422,2023-03,False,SUCCESS,1.0
FR_may_2018.pdf,510,True,441,7750,2018-05,False,SUCCESS,1.0
FR_nov_2014.pdf,231,True,156,2987,2014-11,False,SUCCESS,1.0
FR_nov_2015.pdf,279,True,231,4155,2015-11,False,SUCCESS,1.0
FR_may_2021.pdf,759,True,669,11457,2021-05,False,SUCCESS,1.0
FR_may_2020.pdf,597,True,525,9198,2020-05,False,SUCCESS,1.0
FR_may_2022.pdf,720,True,623,10268,2022-05,False,SUCCESS,1.0
FR_may_Report_2019.pdf,611,True,541,9693,2019-05,False,SUCCESS,1.0
FR_may_2023.pdf,804,True,712,11407,2023-05,False,SUCCESS,1.0
FR_nov_2016.pdf,347,True,278,5252,2016-11,False,SUCCESS,1.0
FR_nov_2017.pdf,386,True,320,5895,2017-11,False,SUCCESS,1.0
FR_oct_2014.pdf,238,True,187,3211,2014-10,False,SUCCESS,1.0
FR_nov_2020.pdf,654,True,551,9204,2020-11,False,SUCCESS,1.0
FR_nov_Report_2018.pdf,525,True,458,8225,2018-11,False,SUCCESS,1.0
FR_nov_2022 (1).pdf,722,True,626,10300,2022-11,False,SUCCESS,1.0
FR_nov_2021.pdf,715,True,635,10753,2021-11,False,SUCCESS,1.0
FR_nov_Report_2019.pdf,630,True,563,10033,2019-11,False,SUCCESS,1.0
FR_oct_2015.pdf,253,True,187,3569,2015-10,False,SUCCESS,1.0
FR_nov_2023.pdf,758,True,707,11193,2023-11,False,SUCCESS,1.0
FR_oct_2016.pdf,332,True,275,5169,2016-10,False,SUCCESS,1.0
FR_oct_2017.pdf,367,True,316,5909,2017-10,False,SUCCESS,1.0
FR_sep_2014.pdf,221,True,165,3095,2014-09,False,SUCCESS,1.0
FR_oct_Report_2018.pdf,523,True,454,8225,2018-10,False,SUCCESS,1.0
FR_oct_2020.pdf,590,True,513,8452,2020-10,False,SUCCESS,1.0
FR_oct_2022.pdf,710,True,610,9820,2022-10,False,SUCCESS,1.0
FR_oct_2023.pdf,741,True,694,10950,2023-10,False,SUCCESS,1.0
FR_sep_2015.pdf,278,True,223,4077,2015-09,False,SUCCESS,1.0
FR_oct_2021.pdf,716,True,640,11046,2021-10,False,SUCCESS,1.0
FR_oct_Report_2019.pdf,616,True,540,9572,2019-10,False,SUCCESS,1.0
FR_sep_2016.pdf,374,True,331,6120,2016-09,False,SUCCESS,1.0
FR_sep_2017.pdf,380,True,314,5807,2017-09,False,SUCCESS,1.0
FlashReport_April2026.pdf,163,True,11,77,2026-04,False,SUCCESS,1.0
FlashReport_August_2025.pdf,67,True,11,75,2025-08,False,SUCCESS,1.0
FlashReport_December_2025.pdf,108,True,11,76,2025-12,False,SUCCESS,1.0
FlashReport_February_2026.pdf,168,True,11,77,2026-02,False,SUCCESS,1.0
FlashReport_January_2026.pdf,134,True,11,77,2026-01,False,SUCCESS,1.0
FlashReport_July_2025.pdf,67,True,11,75,2025-07,False,SUCCESS,1.0
FlashReport_July_2026.pdf,153,True,11,77,2026-07,False,SUCCESS,1.0
FlashReport_June_2026.pdf,161,True,11,77,2026-06,False,SUCCESS,1.0
FlashReport_March_2026.pdf,157,True,11,77,2026-03,False,SUCCESS,1.0
FlashReport_May2026.pdf,163,True,11,77,2026-05,False,SUCCESS,1.0
FlashReport_November_2025.pdf,73,True,11,75,2025-11,False,SUCCESS,1.0
FlashReport_October_2025.pdf,73,True,11,75,2025-10,False,SUCCESS,1.0
FlashReport_September_2025.pdf,72,True,11,76,2025-09,False,SUCCESS,1.0
FR_sep_Report_2018.pdf,533,True,463,8392,2018-09,False,SUCCESS,1.0
FR_sep_2020.pdf,620,True,552,9403,2020-09,False,SUCCESS,1.0
FR_sep_Report_2019.pdf,613,True,536,9518,2019-09,False,SUCCESS,1.0
FR_sep_2021.pdf,718,True,644,11175,2021-09,False,SUCCESS,1.0
FR_sept_2023.pdf,732,True,686,10845,2023-09,False,SUCCESS,1.0
FR_september_2022.pdf,710,True,616,9965,2022-09,False,SUCCESS,1.0
January-March-2014.pdf,484,True,0,0,2014-03,False,NO_PROJECTS_FOUND,0.0
January.pdf,244,True,222,1929,2025-01,False,SUCCESS,1.0
JULY-SEP-2014.pdf,486,True,121,1323,2014-09,False,SUCCESS,1.0
Jan-Mar-2015.pdf,503,True,140,1384,2015-03,False,SUCCESS,1.0
July_Part-I.pdf,4,True,0,0,2024-07,False,SYNOPSIS_NO_PROJECT_TABLES,1.0
July_Part-II.pdf,267,True,252,2014,2024-07,False,SUCCESS,1.0
June.pdf,309,True,291,2035,2024-06,False,SUCCESS,1.0
May_Part-1.pdf,5,True,0,0,2024-05,False,SYNOPSIS_NO_PROJECT_TABLES,1.0
May_Part-2.pdf,571,True,127,2120,2024-04,False,SUCCESS,1.0
MonthlyFR_apr_2004.pdf,25,True,0,0,2004-04,False,SYNOPSIS_NO_PROJECT_TABLES,1.0
MonthlyFR_apr_2006.pdf,30,True,0,0,2006-04,False,NO_PROJECTS_FOUND,0.0
MonthlyFR_april_2003.pdf,21,True,0,0,2003-04,False,SYNOPSIS_NO_PROJECT_TABLES,1.0
MonthlyFR_april_2007.pdf,36,True,0,0,2007-04,False,NO_PROJECTS_FOUND,0.0
July-Sep_2020.pdf,861,True,197,3294,2020-09,False,SUCCESS,1.0
MonthlyFR_aug_2003.pdf,21,True,0,0,2003-08,False,SYNOPSIS_NO_PROJECT_TABLES,1.0
MonthlyFR_aug_2004.pdf,23,True,0,0,2004-08,False,SYNOPSIS_NO_PROJECT_TABLES,1.0
MonthlyFR_april_2008.pdf,39,True,0,0,2008-04,False,NO_PROJECTS_FOUND,0.0
MonthlyFR_aug_2005.pdf,27,True,0,0,2005-08,False,NO_PROJECTS_FOUND,0.0
July-Sep-2015.pdf,528,True,159,1921,2015-09,False,SUCCESS,1.0
Jan-Mar-2019.pdf,849,True,248,2827,2019-03,False,SUCCESS,1.0
MonthlyFR_dec_2003.pdf,23,True,0,0,2003-12,False,SYNOPSIS_NO_PROJECT_TABLES,1.0
MonthlyFR_aug_2006.pdf,36,True,0,0,2006-08,False,NO_PROJECTS_FOUND,0.0
Jan-March_2017.pdf,777,True,241,2809,2017-03,False,SUCCESS,1.0
MonthlyFR_dec_2004.pdf,26,True,0,0,2004-12,False,NO_PROJECTS_FOUND,0.0
MonthlyFR_aug_2007.pdf,35,True,0,0,2007-08,False,NO_PROJECTS_FOUND,0.0
MonthlyFR_aug_2008.pdf,40,True,0,0,2008-08,False,NO_PROJECTS_FOUND,0.0
MonthlyFR_feb_2004.pdf,24,True,0,0,2004-02,False,SYNOPSIS_NO_PROJECT_TABLES,1.0
MonthlyFR_dec_2005.pdf,33,True,0,0,2005-12,False,NO_PROJECTS_FOUND,0.0
MonthlyFR_feb_2005.pdf,27,True,0,0,2005-02,False,NO_PROJECTS_FOUND,0.0
MonthlyFR_dec_2006.pdf,37,True,0,0,2006-12,False,NO_PROJECTS_FOUND,0.0
MonthlyFR_feb_2006.pdf,32,True,0,0,2006-02,False,NO_PROJECTS_FOUND,0.0
MonthlyFR_jan_2004.pdf,23,True,0,0,2004-01,False,SYNOPSIS_NO_PROJECT_TABLES,1.0
MonthlyFR_dec_2007.pdf,41,True,0,0,2007-12,False,NO_PROJECTS_FOUND,0.0
MonthlyFR_dec_2008.pdf,42,True,0,0,2008-12,False,NO_PROJECTS_FOUND,0.0
MonthlyFR_jan_2005.pdf,27,True,0,0,2005-01,False,NO_PROJECTS_FOUND,0.0
MonthlyFR_jan_2006.pdf,31,True,0,0,2006-01,False,NO_PROJECTS_FOUND,0.0
MonthlyFR_july_2003.pdf,22,True,0,0,2003-07,False,SYNOPSIS_NO_PROJECT_TABLES,1.0
MonthlyFR_july_2004.pdf,25,True,0,0,2004-07,False,SYNOPSIS_NO_PROJECT_TABLES,1.0
MonthlyFR_feb_2007.pdf,36,True,0,0,2007-02,False,NO_PROJECTS_FOUND,0.0
MonthlyFR_feb_2008.pdf,44,True,0,0,2008-02,False,NO_PROJECTS_FOUND,0.0
MonthlyFR_jan_2007.pdf,35,True,0,0,2007-01,False,NO_PROJECTS_FOUND,0.0
Jan-March_2018.pdf,846,True,239,2749,2018-03,False,SUCCESS,1.0
MonthlyFR_june_2003.pdf,21,True,0,0,2003-06,False,SYNOPSIS_NO_PROJECT_TABLES,1.0
MonthlyFR_june_2004.pdf,24,True,0,0,2004-06,False,SYNOPSIS_NO_PROJECT_TABLES,1.0
MonthlyFR_june_2005.pdf,25,True,0,0,2005-06,False,SYNOPSIS_NO_PROJECT_TABLES,1.0
MonthlyFR_july_2005.pdf,28,True,0,0,2005-07,False,NO_PROJECTS_FOUND,0.0
MonthlyFR_jan_2008.pdf,41,True,0,0,2008-01,False,NO_PROJECTS_FOUND,0.0
MonthlyFR_july_2006.pdf,35,True,0,0,2006-07,False,NO_PROJECTS_FOUND,0.0
MonthlyFR_mar_2004.pdf,24,True,0,0,2004-03,False,SYNOPSIS_NO_PROJECT_TABLES,1.0
MonthlyFR_july_2007.pdf,39,True,0,0,2007-07,False,NO_PROJECTS_FOUND,0.0
MonthlyFR_july_2008.pdf,39,True,0,0,2008-07,False,NO_PROJECTS_FOUND,0.0
MonthlyFR_june_2006.pdf,34,True,0,0,2006-06,False,NO_PROJECTS_FOUND,0.0
MonthlyFR_mar_2005.pdf,29,True,0,0,2005-03,False,NO_PROJECTS_FOUND,0.0
MonthlyFR_may_2003.pdf,21,True,0,0,2003-05,False,SYNOPSIS_NO_PROJECT_TABLES,1.0
MonthlyFR_may_2004.pdf,23,True,0,0,2004-05,False,SYNOPSIS_NO_PROJECT_TABLES,1.0
MonthlyFR_may_2005.pdf,24,True,0,0,2005-05,False,SYNOPSIS_NO_PROJECT_TABLES,1.0
MonthlyFR_june_2007.pdf,36,True,0,0,2007-06,False,NO_PROJECTS_FOUND,0.0
MonthlyFR_june_2008.pdf,39,True,0,0,2008-06,False,NO_PROJECTS_FOUND,0.0
MonthlyFR_mar_2006.pdf,32,True,0,0,2006-03,False,NO_PROJECTS_FOUND,0.0
MonthlyFR_nov_2003.pdf,24,True,0,0,2003-11,False,SYNOPSIS_NO_PROJECT_TABLES,1.0
MonthlyFR_mar_2007.pdf,39,True,0,0,2007-03,False,NO_PROJECTS_FOUND,0.0
MonthlyFR_mar_2008.pdf,42,True,0,0,2008-03,False,NO_PROJECTS_FOUND,0.0
MonthlyFR_may_2006.pdf,34,True,0,0,2006-05,False,NO_PROJECTS_FOUND,0.0
MonthlyFR_nov_2004.pdf,26,True,0,0,2004-11,False,NO_PROJECTS_FOUND,0.0
MonthlyFR_oct_2003.pdf,23,True,0,0,2003-10,False,SYNOPSIS_NO_PROJECT_TABLES,1.0
MonthlyFR_nov_2005.pdf,34,True,0,0,2005-11,False,NO_PROJECTS_FOUND,0.0
MonthlyFR_may_2008.pdf,39,True,0,0,2008-05,False,NO_PROJECTS_FOUND,0.0
MonthlyFR_oct_2004.pdf,28,True,0,0,2004-10,False,NO_PROJECTS_FOUND,0.0
MonthlyFR_nov_2006.pdf,35,True,0,0,2006-11,False,NO_PROJECTS_FOUND,0.0
MonthlyFR_sep_2003.pdf,21,True,0,0,2003-09,False,SYNOPSIS_NO_PROJECT_TABLES,1.0
MonthlyFR_sep_2004.pdf,25,True,0,0,2004-09,False,SYNOPSIS_NO_PROJECT_TABLES,1.0
MonthlyFR_oct_2005.pdf,30,True,0,0,2005-10,False,NO_PROJECTS_FOUND,0.0
MonthlyFR_nov_2007.pdf,41,True,0,0,2007-11,False,NO_PROJECTS_FOUND,0.0
MonthlyFR_sep_2007.pdf,17,True,0,0,2007-09,False,SYNOPSIS_NO_PROJECT_TABLES,1.0
MonthlyFR_nov_2008.pdf,40,True,0,0,2008-11,False,NO_PROJECTS_FOUND,0.0
MonthlyFR_oct_2006.pdf,34,True,0,0,2006-10,False,NO_PROJECTS_FOUND,0.0
MonthlyFR_sep_2005.pdf,29,True,0,0,2005-09,False,NO_PROJECTS_FOUND,0.0
MonthlyFR_oct_2008.pdf,40,True,0,0,2008-10,False,NO_PROJECTS_FOUND,0.0
MonthlyFR_sep_2006.pdf,35,True,0,0,2006-09,False,NO_PROJECTS_FOUND,0.0
MonthlyFR_sep_2008.pdf,39,True,0,0,2008-09,False,NO_PROJECTS_FOUND,0.0
November.pdf,282,True,260,1963,2024-11,False,SUCCESS,1.0
QPISR_1st_QTR_2024-25 PART1.pdf,3,True,0,0,2024-06,False,SYNOPSIS_NO_PROJECT_TABLES,1.0
Jan-March_2020.pdf,1000,True,272,3258,2020-03,False,SUCCESS,1.0
October.pdf,278,True,249,1968,2024-10,False,SUCCESS,1.0
QPISR_1st_QTR_2024-25 PART2.pdf,329,True,295,2167,2024-06,False,SUCCESS,1.0
QPISR_2nd_QTR_2024-25 PART2.pdf,265,True,238,2099,2024-09,False,SUCCESS,1.0
QPISR_3rd_QTR_2024-25.pdf,303,True,265,2089,2024-12,False,SUCCESS,1.0
QPSIR1stqtr2021-22.pdf,887,True,0,0,2021-06,False,NO_PROJECTS_FOUND,0.0
QPSIR4thQTR2020-21.pdf,900,True,0,0,2021-03,False,NO_PROJECTS_FOUND,0.0
QPISR_QR_1st_2025-26.pdf,261,True,18,18,2025-06,False,SUCCESS,1.0
QPSIR_2nd_QTR_2022-23.pdf,847,True,0,0,2022-09,False,NO_PROJECTS_FOUND,0.0
QPISR_4th_QTR_2024-25.pdf,284,True,253,1998,2025-03,False,SUCCESS,1.0
QPSIR_3qtr_21-22.pdf,674,True,0,0,2021-12,False,NO_PROJECTS_FOUND,0.0
QPSIR_2nd_qtr_2021-22.pdf,949,True,0,0,2021-09,False,NO_PROJECTS_FOUND,0.0
QPSR-4th_QTR_2023-2024 Part_I (1).pdf,23,True,0,0,2024-03,False,SYNOPSIS_NO_PROJECT_TABLES,1.0
QPSR-4th_QTR_2023-2024 Part_I.pdf,23,True,0,0,2024-03,False,SYNOPSIS_NO_PROJECT_TABLES,1.0
QPSIR_4th_QTR_2021-22.pdf,966,True,0,0,2022-03,False,NO_PROJECTS_FOUND,0.0
QPSR-4th_QTR_2023-2024 Part_II.pdf,159,True,150,2410,2024-03,False,SUCCESS,1.0
OCT-DEC-2014.pdf,511,True,125,1280,2014-12,False,SUCCESS,1.0
QPSR_3rd_QTR_2023-24.pdf,229,True,0,0,2023-12,False,NO_PROJECTS_FOUND,0.0
September_Part-1(synopsis).pdf,4,True,0,0,2024-09,False,SYNOPSIS_NO_PROJECT_TABLES,1.0
QPSR_2nd_QTR_2023-24.pdf,225,True,14,14,2023-09,False,SUCCESS,1.0
September_Part-2(List_of_tables).pdf,250,True,233,2021,2024-09,False,SUCCESS,1.0
april-june-2014.pdf,471,True,1,14,2014-06,False,SUCCESS,1.0
fr_Apr_2010.pdf,52,True,0,0,2010-04,False,NO_PROJECTS_FOUND,0.0
fr_Aug_2010.pdf,72,True,0,0,2010-08,False,NO_PROJECTS_FOUND,0.0
fr_sept_2010.pdf,77,True,0,0,2010-09,False,NO_PROJECTS_FOUND,0.0
QPSIR_1st_QTR_2022-23.pdf,895,True,629,1531,2022-06,False,SUCCESS,1.0
jul-sep_2018.pdf,841,True,0,0,2018-09,False,NO_PROJECTS_FOUND,0.0
Oct-Dec_2016.pdf,763,True,241,2717,2016-12,False,SUCCESS,1.0
QPSR_1st_QTR_2023-24.pdf,953,True,647,1604,2023-06,False,SUCCESS,1.0
Oct-Dec_2017.pdf,734,True,190,2648,2017-12,False,SUCCESS,1.0
Oct-Dec_2019.pdf,952,True,294,3449,2019-12,False,SUCCESS,1.0
jan-mar_2016.pdf,674,True,181,2246,2016-03,False,SUCCESS,1.0
apr-jun-2019.pdf,998,True,314,3637,2019-06,False,SUCCESS,1.0
july-sep_2016.pdf,744,True,234,2688,2016-09,False,SUCCESS,1.0
oct-dec_2015.pdf,679,True,214,2525,2015-12,False,SUCCESS,1.0
july-sep_2019.pdf,972,True,283,3332,2019-09,False,SUCCESS,1.0
july-sep_2017.pdf,771,True,212,2569,2017-09,False,SUCCESS,1.0
